{"cameraMode":{"drawMode":0,"name":"Shaded","section":"Shading Mode"},"sceneLighting":true,"audioPlay":false,"sceneViewState":{"m_AlwaysRefresh":false,"showFog":true,"showSkybox":true,"showFlares":true,"showImageEffects":true,"showParticleSystems":true,"showVisualEffectGraphs":true,"m_FxEnabled":true},"in2DMode":false,"pivot":{"x":480.0626525878906,"y":37.15403747558594,"z":223.88485717773438},"rotation":{"x":0.08509811758995056,"y":0.6130489110946655,"z":-0.06665927916765213,"w":0.782616376876831},"size":-0.00018982650362886488,"orthographic":false}