{"cameraMode":{"drawMode":0,"name":"Shaded","section":"Shading Mode"},"sceneLighting":true,"audioPlay":false,"sceneViewState":{"m_AlwaysRefresh":false,"showFog":true,"showSkybox":true,"showFlares":true,"showImageEffects":true,"showParticleSystems":true,"showVisualEffectGraphs":true,"m_FxEnabled":true},"in2DMode":false,"pivot":{"x":372.02337646484377,"y":20.4689998626709,"z":241.37855529785157},"rotation":{"x":-0.06594132632017136,"y":-0.8931358456611633,"z":0.13938039541244508,"w":-0.4225389063358307},"size":0.00023038772633299232,"orthographic":false}